# ************************************************************
# Sequel Pro SQL dump
# Version 4541
#
# http://www.sequelpro.com/
# https://github.com/sequelpro/sequelpro
#
# Host: 127.0.0.1 (MySQL 5.7.19)
# Database: go-admin-test
# Generation Time: 2020-03-09 07:25:22 +0000
# ************************************************************


/*!40101 SET @OLD_CHARACTER_SET_CLIENT=@@CHARACTER_SET_CLIENT */;
/*!40101 SET @OLD_CHARACTER_SET_RESULTS=@@CHARACTER_SET_RESULTS */;
/*!40101 SET @OLD_COLLATION_CONNECTION=@@COLLATION_CONNECTION */;
/*!40101 SET NAMES utf8 */;
/*!40014 SET @OLD_FOREIGN_KEY_CHECKS=@@FOREIGN_KEY_CHECKS, FOREIGN_KEY_CHECKS=0 */;
/*!40101 SET @OLD_SQL_MODE=@@SQL_MODE, SQL_MODE='NO_AUTO_VALUE_ON_ZERO' */;
/*!40111 SET @OLD_SQL_NOTES=@@SQL_NOTES, SQL_NOTES=0 */;


# Dump of table goadmin_menu
# ------------------------------------------------------------

DROP TABLE IF EXISTS `goadmin_menu`;

CREATE TABLE `goadmin_menu` (
  `id` int(10) unsigned NOT NULL AUTO_INCREMENT,
  `parent_id` int(11) unsigned NOT NULL DEFAULT '0',
  `type` tinyint(4) unsigned NOT NULL DEFAULT '0',
  `order` int(11) unsigned NOT NULL DEFAULT '0',
  `title` varchar(50) COLLATE utf8mb4_unicode_ci NOT NULL,
  `icon` varchar(50) COLLATE utf8mb4_unicode_ci NOT NULL,
  `uri` varchar(3000) COLLATE utf8mb4_unicode_ci NOT NULL DEFAULT '',
  `header` varchar(150) COLLATE utf8mb4_unicode_ci DEFAULT NULL,
  `created_at` timestamp NULL DEFAULT CURRENT_TIMESTAMP,
  `updated_at` timestamp NULL DEFAULT CURRENT_TIMESTAMP,
  PRIMARY KEY (`id`)
) ENGINE=InnoDB DEFAULT CHARSET=utf8mb4 COLLATE=utf8mb4_unicode_ci;

LOCK TABLES `goadmin_menu` WRITE;
/*!40000 ALTER TABLE `goadmin_menu` DISABLE KEYS */;

INSERT INTO `goadmin_menu` (`id`, `parent_id`, `type`, `order`, `title`, `icon`, `uri`, `header`, `created_at`, `updated_at`)
VALUES
	(1,0,1,2,'Admin','fa-tasks','',NULL,'2019-09-10 00:00:00','2019-09-10 00:00:00'),
	(2,1,1,2,'Users','fa-users','/info/manager',NULL,'2019-09-10 00:00:00','2019-09-10 00:00:00'),
	(3,1,1,3,'Roles','fa-user','/info/roles',NULL,'2019-09-10 00:00:00','2019-09-10 00:00:00'),
	(4,1,1,4,'Permission','fa-ban','/info/permission',NULL,'2019-09-10 00:00:00','2019-09-10 00:00:00'),
	(5,1,1,5,'Menu','fa-bars','/menu',NULL,'2019-09-10 00:00:00','2019-09-10 00:00:00'),
	(6,1,1,6,'Operation log','fa-history','/info/op',NULL,'2019-09-10 00:00:00','2019-09-10 00:00:00'),
	(8,0,1,7,'User','fa-users','/info/user',NULL,'2019-09-10 00:00:00','2019-09-10 00:00:00'),
	(7,0,1,1,'Dashboard','fa-bar-chart','/',NULL,'2019-09-10 00:00:00','2019-09-10 00:00:00');

/*!40000 ALTER TABLE `goadmin_menu` ENABLE KEYS */;
UNLOCK TABLES;


# Dump of table goadmin_operation_log
# ------------------------------------------------------------

DROP TABLE IF EXISTS `goadmin_operation_log`;

CREATE TABLE `goadmin_operation_log` (
  `id` int(10) unsigned NOT NULL AUTO_INCREMENT,
  `user_id` int(11) unsigned NOT NULL,
  `path` varchar(255) COLLATE utf8mb4_unicode_ci NOT NULL,
  `method` varchar(10) COLLATE utf8mb4_unicode_ci NOT NULL,
  `ip` varchar(15) COLLATE utf8mb4_unicode_ci NOT NULL,
  `input` text COLLATE utf8mb4_unicode_ci NOT NULL,
  `created_at` timestamp NULL DEFAULT CURRENT_TIMESTAMP,
  `updated_at` timestamp NULL DEFAULT CURRENT_TIMESTAMP,
  PRIMARY KEY (`id`),
  KEY `admin_operation_log_user_id_index` (`user_id`)
) ENGINE=InnoDB DEFAULT CHARSET=utf8mb4 COLLATE=utf8mb4_unicode_ci;



# Dump of table goadmin_permissions
# ------------------------------------------------------------

DROP TABLE IF EXISTS `goadmin_permissions`;

CREATE TABLE `goadmin_permissions` (
  `id` int(10) unsigned NOT NULL AUTO_INCREMENT,
  `name` varchar(50) COLLATE utf8mb4_unicode_ci NOT NULL,
  `slug` varchar(50) COLLATE utf8mb4_unicode_ci NOT NULL,
  `http_method` varchar(255) COLLATE utf8mb4_unicode_ci DEFAULT NULL,
  `http_path` text COLLATE utf8mb4_unicode_ci NOT NULL,
  `created_at` timestamp NULL DEFAULT CURRENT_TIMESTAMP,
  `updated_at` timestamp NULL DEFAULT CURRENT_TIMESTAMP,
  PRIMARY KEY (`id`),
  UNIQUE KEY `admin_permissions_name_unique` (`name`)
) ENGINE=InnoDB DEFAULT CHARSET=utf8mb4 COLLATE=utf8mb4_unicode_ci;

LOCK TABLES `goadmin_permissions` WRITE;
/*!40000 ALTER TABLE `goadmin_permissions` DISABLE KEYS */;

INSERT INTO `goadmin_permissions` (`id`, `name`, `slug`, `http_method`, `http_path`, `created_at`, `updated_at`)
VALUES
	(1,'All permission','*','','*','2019-09-10 00:00:00','2019-09-10 00:00:00'),
	(2,'Dashboard','dashboard','GET,PUT,POST,DELETE','/','2019-09-10 00:00:00','2019-09-10 00:00:00');

/*!40000 ALTER TABLE `goadmin_permissions` ENABLE KEYS */;
UNLOCK TABLES;


# Dump of table goadmin_role_menu
# ------------------------------------------------------------

DROP TABLE IF EXISTS `goadmin_role_menu`;

CREATE TABLE `goadmin_role_menu` (
  `role_id` int(11) unsigned NOT NULL,
  `menu_id` int(11) unsigned NOT NULL,
  `created_at` timestamp NULL DEFAULT CURRENT_TIMESTAMP,
  `updated_at` timestamp NULL DEFAULT CURRENT_TIMESTAMP,
  KEY `admin_role_menu_role_id_menu_id_index` (`role_id`,`menu_id`)
) ENGINE=InnoDB DEFAULT CHARSET=utf8mb4 COLLATE=utf8mb4_unicode_ci;

LOCK TABLES `goadmin_role_menu` WRITE;
/*!40000 ALTER TABLE `goadmin_role_menu` DISABLE KEYS */;

INSERT INTO `goadmin_role_menu` (`role_id`, `menu_id`, `created_at`, `updated_at`)
VALUES
	(1,1,'2019-09-10 00:00:00','2019-09-10 00:00:00'),
	(1,7,'2019-09-10 00:00:00','2019-09-10 00:00:00'),
	(2,7,'2019-09-10 00:00:00','2019-09-10 00:00:00'),
	(1,8,'2019-09-11 10:20:55','2019-09-11 10:20:55'),
	(2,8,'2019-09-11 10:20:55','2019-09-11 10:20:55');

/*!40000 ALTER TABLE `goadmin_role_menu` ENABLE KEYS */;
UNLOCK TABLES;


# Dump of table goadmin_role_permissions
# ------------------------------------------------------------

DROP TABLE IF EXISTS `goadmin_role_permissions`;

CREATE TABLE `goadmin_role_permissions` (
  `role_id` int(11) unsigned NOT NULL,
  `permission_id` int(11) unsigned NOT NULL,
  `created_at` timestamp NULL DEFAULT CURRENT_TIMESTAMP,
  `updated_at` timestamp NULL DEFAULT CURRENT_TIMESTAMP,
  UNIQUE KEY `admin_role_permissions` (`role_id`,`permission_id`)
) ENGINE=InnoDB DEFAULT CHARSET=utf8mb4 COLLATE=utf8mb4_unicode_ci;

LOCK TABLES `goadmin_role_permissions` WRITE;
/*!40000 ALTER TABLE `goadmin_role_permissions` DISABLE KEYS */;

INSERT INTO `goadmin_role_permissions` (`role_id`, `permission_id`, `created_at`, `updated_at`)
VALUES
	(1,1,'2019-09-10 00:00:00','2019-09-10 00:00:00'),
	(1,2,'2019-09-10 00:00:00','2019-09-10 00:00:00'),
	(2,2,'2019-09-10 00:00:00','2019-09-10 00:00:00');

/*!40000 ALTER TABLE `goadmin_role_permissions` ENABLE KEYS */;
UNLOCK TABLES;


# Dump of table goadmin_role_users
# ------------------------------------------------------------

DROP TABLE IF EXISTS `goadmin_role_users`;

CREATE TABLE `goadmin_role_users` (
  `role_id` int(11) unsigned NOT NULL,
  `user_id` int(11) unsigned NOT NULL,
  `created_at` timestamp NULL DEFAULT CURRENT_TIMESTAMP,
  `updated_at` timestamp NULL DEFAULT CURRENT_TIMESTAMP,
  UNIQUE KEY `admin_user_roles` (`role_id`,`user_id`)
) ENGINE=InnoDB DEFAULT CHARSET=utf8mb4 COLLATE=utf8mb4_unicode_ci;

LOCK TABLES `goadmin_role_users` WRITE;
/*!40000 ALTER TABLE `goadmin_role_users` DISABLE KEYS */;

INSERT INTO `goadmin_role_users` (`role_id`, `user_id`, `created_at`, `updated_at`)
VALUES
	(1,1,'2019-09-10 00:00:00','2019-09-10 00:00:00'),
	(2,2,'2019-09-10 00:00:00','2019-09-10 00:00:00');

/*!40000 ALTER TABLE `goadmin_role_users` ENABLE KEYS */;
UNLOCK TABLES;


# Dump of table goadmin_roles
# ------------------------------------------------------------

DROP TABLE IF EXISTS `goadmin_roles`;

CREATE TABLE `goadmin_roles` (
  `id` int(10) unsigned NOT NULL AUTO_INCREMENT,
  `name` varchar(50) COLLATE utf8mb4_unicode_ci NOT NULL,
  `slug` varchar(50) COLLATE utf8mb4_unicode_ci NOT NULL,
  `created_at` timestamp NULL DEFAULT CURRENT_TIMESTAMP,
  `updated_at` timestamp NULL DEFAULT CURRENT_TIMESTAMP,
  PRIMARY KEY (`id`),
  UNIQUE KEY `admin_roles_name_unique` (`name`)
) ENGINE=InnoDB DEFAULT CHARSET=utf8mb4 COLLATE=utf8mb4_unicode_ci;

LOCK TABLES `goadmin_roles` WRITE;
/*!40000 ALTER TABLE `goadmin_roles` DISABLE KEYS */;

INSERT INTO `goadmin_roles` (`id`, `name`, `slug`, `created_at`, `updated_at`)
VALUES
	(1,'Administrator','administrator','2019-09-10 00:00:00','2019-09-10 00:00:00'),
	(2,'Operator','operator','2019-09-10 00:00:00','2019-09-10 00:00:00');

/*!40000 ALTER TABLE `goadmin_roles` ENABLE KEYS */;
UNLOCK TABLES;


# Dump of table goadmin_session
# ------------------------------------------------------------

DROP TABLE IF EXISTS `goadmin_session`;

CREATE TABLE `goadmin_session` (
  `id` int(11) unsigned NOT NULL AUTO_INCREMENT,
  `sid` varchar(50) CHARACTER SET utf8mb4 COLLATE utf8mb4_unicode_ci NOT NULL DEFAULT '',
  `values` varchar(3000) CHARACTER SET utf8mb4 COLLATE utf8mb4_unicode_ci NOT NULL DEFAULT '',
  `created_at` timestamp NULL DEFAULT CURRENT_TIMESTAMP,
  `updated_at` timestamp NULL DEFAULT CURRENT_TIMESTAMP,
  PRIMARY KEY (`id`)
) ENGINE=InnoDB DEFAULT CHARSET=utf8mb4;



# Dump of table goadmin_user_permissions
# ------------------------------------------------------------

DROP TABLE IF EXISTS `goadmin_user_permissions`;

CREATE TABLE `goadmin_user_permissions` (
  `user_id` int(11) unsigned NOT NULL,
  `permission_id` int(11) unsigned NOT NULL,
  `created_at` timestamp NULL DEFAULT CURRENT_TIMESTAMP,
  `updated_at` timestamp NULL DEFAULT CURRENT_TIMESTAMP,
  UNIQUE KEY `admin_user_permissions` (`user_id`,`permission_id`)
) ENGINE=InnoDB DEFAULT CHARSET=utf8mb4 COLLATE=utf8mb4_unicode_ci;

LOCK TABLES `goadmin_user_permissions` WRITE;
/*!40000 ALTER TABLE `goadmin_user_permissions` DISABLE KEYS */;

INSERT INTO `goadmin_user_permissions` (`user_id`, `permission_id`, `created_at`, `updated_at`)
VALUES
	(1,1,'2019-09-10 00:00:00','2019-09-10 00:00:00'),
	(2,2,'2019-09-10 00:00:00','2019-09-10 00:00:00');

/*!40000 ALTER TABLE `goadmin_user_permissions` ENABLE KEYS */;
UNLOCK TABLES;


# Dump of table goadmin_users
# ------------------------------------------------------------

DROP TABLE IF EXISTS `goadmin_users`;

CREATE TABLE `goadmin_users` (
  `id` int(10) unsigned NOT NULL AUTO_INCREMENT,
  `username` varchar(100) COLLATE utf8mb4_unicode_ci NOT NULL,
  `password` varchar(100) COLLATE utf8mb4_unicode_ci NOT NULL DEFAULT '',
  `name` varchar(100) COLLATE utf8mb4_unicode_ci NOT NULL,
  `avatar` varchar(255) COLLATE utf8mb4_unicode_ci DEFAULT NULL,
  `remember_token` varchar(100) COLLATE utf8mb4_unicode_ci DEFAULT NULL,
  `created_at` timestamp NULL DEFAULT CURRENT_TIMESTAMP,
  `updated_at` timestamp NULL DEFAULT CURRENT_TIMESTAMP,
  PRIMARY KEY (`id`),
  UNIQUE KEY `admin_users_username_unique` (`username`)
) ENGINE=InnoDB DEFAULT CHARSET=utf8mb4 COLLATE=utf8mb4_unicode_ci;

LOCK TABLES `goadmin_users` WRITE;
/*!40000 ALTER TABLE `goadmin_users` DISABLE KEYS */;

INSERT INTO `goadmin_users` (`id`, `username`, `password`, `name`, `avatar`, `remember_token`, `created_at`, `updated_at`)
VALUES
	(1,'admin','$2a$10$U3F/NSaf2kaVbyXTBp7ppOn0jZFyRqXRnYXB.AMioCjXl3Ciaj4oy','admin','','tlNcBVK9AvfYH7WEnwB1RKvocJu8FfRy4um3DJtwdHuJy0dwFsLOgAc0xUfh','2019-09-10 00:00:00','2019-09-10 00:00:00'),
	(2,'operator','$2a$10$rVqkOzHjN2MdlEprRflb1eGP0oZXuSrbJLOmJagFsCd81YZm0bsh.','Operator','',NULL,'2019-09-10 00:00:00','2019-09-10 00:00:00');

/*!40000 ALTER TABLE `goadmin_users` ENABLE KEYS */;
UNLOCK TABLES;


# Dump of table users
# ------------------------------------------------------------

DROP TABLE IF EXISTS `users`;

CREATE TABLE `users` (
  `id` int(11) unsigned NOT NULL AUTO_INCREMENT,
  `name` varchar(100) COLLATE utf8mb4_unicode_ci DEFAULT NULL,
  `homepage` varchar(3000) COLLATE utf8mb4_unicode_ci DEFAULT NULL,
  `email` varchar(100) COLLATE utf8mb4_unicode_ci DEFAULT NULL,
  `birthday` timestamp NULL DEFAULT NULL,
  `country` varchar(50) COLLATE utf8mb4_unicode_ci DEFAULT NULL,
  `city` varchar(50) COLLATE utf8mb4_unicode_ci DEFAULT NULL,
  `password` varchar(100) COLLATE utf8mb4_unicode_ci DEFAULT NULL,
  `ip` varchar(20) COLLATE utf8mb4_unicode_ci DEFAULT NULL,
  `certificate` varchar(300) COLLATE utf8mb4_unicode_ci DEFAULT NULL,
  `money` int(10) unsigned DEFAULT NULL,
  `resume` text COLLATE utf8mb4_unicode_ci,
  `gender` tinyint(4) unsigned DEFAULT NULL,
  `fruit` varchar(200) COLLATE utf8mb4_unicode_ci DEFAULT NULL,
  `drink` varchar(200) COLLATE utf8mb4_unicode_ci DEFAULT NULL,
  `experience` tinyint(3) unsigned DEFAULT NULL,
  `created_at` timestamp NULL DEFAULT CURRENT_TIMESTAMP,
  `updated_at` timestamp NULL DEFAULT CURRENT_TIMESTAMP,
  PRIMARY KEY (`id`)
) ENGINE=InnoDB DEFAULT CHARSET=utf8mb4 COLLATE=utf8mb4_unicode_ci;

LOCK TABLES `users` WRITE;
/*!40000 ALTER TABLE `users` DISABLE KEYS */;

INSERT INTO `users` (`id`, `name`, `homepage`, `email`, `birthday`, `country`, `city`, `password`, `ip`, `certificate`, `money`, `resume`, `gender`, `fruit`, `drink`, `experience`, `created_at`, `updated_at`)
VALUES
	(1,'jack','http://jack.me','jack@163.com','1993-10-21 00:00:00','china','guangzhou','123456','127.0.0.1',NULL,10,'<h1>Jack`s Resume</h1>',1,'apple','water',0,'2020-03-09 15:24:00','2020-03-09 15:24:00');

/*!40000 ALTER TABLE `users` ENABLE KEYS */;
UNLOCK TABLES;



/*!40111 SET SQL_NOTES=@OLD_SQL_NOTES */;
/*!40101 SET SQL_MODE=@OLD_SQL_MODE */;
/*!40014 SET FOREIGN_KEY_CHECKS=@OLD_FOREIGN_KEY_CHECKS */;
/*!40101 SET CHARACTER_SET_CLIENT=@OLD_CHARACTER_SET_CLIENT */;
/*!40101 SET CHARACTER_SET_RESULTS=@OLD_CHARACTER_SET_RESULTS */;
/*!40101 SET COLLATION_CONNECTION=@OLD_COLLATION_CONNECTION */;
